<?xml version="1.0" encoding="utf-8"?>
<!DOCTYPE Map[]>
<Map srs="+proj=merc +a=6378137 +b=6378137 +lat_ts=0.0 +lon_0=0.0 +x_0=0.0 +y_0=0.0 +k=1.0 +units=m +nadgrids=@null +wktext +no_defs +over" background-color="#b8dee6" maximum-extent="-20037508.34,-20037508.34,20037508.34,20037508.34">

<Parameters>
  <Parameter name="bounds">-180,-85.05112877980659,180,85.05112877980659</Parameter>
  <Parameter name="center">0,0,2</Parameter>
  <Parameter name="format">png</Parameter>
  <Parameter name="minzoom">0</Parameter>
  <Parameter name="maxzoom">22</Parameter>
</Parameters>


<Style name="countries" filter-mode="first" >
  <Rule>
    <PolygonSymbolizer fill="#ffffff" />
  </Rule>
</Style>
<Style name="countries-outline" filter-mode="first" >
  <Rule>
    <LineSymbolizer stroke="#85c5d3" stroke-width="2" stroke-linejoin="round" />
  </Rule>
</Style>
<Layer name="countries"
  srs="+proj=merc +a=6378137 +b=6378137 +lat_ts=0.0 +lon_0=0.0 +x_0=0.0 +y_0=0.0 +k=1.0 +units=m +nadgrids=@null +wktext +no_defs +over">
    <StyleName>countries-outline</StyleName>
    <StyleName>countries</StyleName>
    <Datasource>
       <Parameter name="file"><![CDATA[/countries/Countries.shp]]></Parameter>
       <Parameter name="type"><![CDATA[shape]]></Parameter>
    </Datasource>
  </Layer>

</Map>